feature_set,method,metric,params,k,resolution,seed,rows,cluster_count,largest_cluster_share,noise_share,ari_all,ami_all,v_measure_all,ari_excluding_other,ami_excluding_other,v_measure_excluding_other,ari_single_clear,ami_single_clear,v_measure_single_clear,pairwise_f1_all,pairwise_precision_all,pairwise_recall_all,balanced_score,n_clusters,error
hybrid_dense_lexical_structural_dw1.0_lw0.25_sw0.1,kmeans,,n_clusters=30,,,,5509.0,30.0,0.044472681067344345,0.0,0.18550691284011267,0.31100771635719215,0.32657099720896593,0.18550691284011267,0.31100771635719215,0.32657099720896593,0.18550691284011267,0.31100771635719215,0.32657099720896593,0.22319803531889815,0.33785464635265117,0.16664445813970274,0.24413597348949334,30.0,
hybrid_dense_lexical_dw0.75_lw0.25,kmeans,,n_clusters=30,,,,5509.0,30.0,0.05717916137229987,0.0,0.17926072670096704,0.3075498391829767,0.32324100741632905,0.17926072670096704,0.3075498391829767,0.32324100741632905,0.17926072670096704,0.3075498391829767,0.32324100741632905,0.2182231913125347,0.3236049035070007,0.164616079343664,0.23974307596347466,30.0,
hybrid_dense_lexical_dw0.75_lw0.25,kmeans,,n_clusters=25,,,,5509.0,25.0,0.06008349972771828,0.0,0.1781576568169781,0.3000487809811899,0.3134566413013894,0.1781576568169781,0.3000487809811899,0.3134566413013894,0.1781576568169781,0.3000487809811899,0.3134566413013894,0.22465807215348857,0.29877937329796533,0.18000288710850532,0.23675282799737649,25.0,
dense_bge_pca,kmeans,,n_clusters=30,,,,5509.0,30.0,0.049736794336540206,0.0,0.17452686837018944,0.30222362279585563,0.31801257932306004,0.17452686837018944,0.30222362279585563,0.31801257932306004,0.17452686837018944,0.30222362279585563,0.31801257932306004,0.21131387018669617,0.31597900829095144,0.1587345211193838,0.2345687039383322,30.0,
hybrid_dense_lexical_dw1.25_lw1.0,kmeans,,n_clusters=30,,,,5509.0,30.0,0.06280631693592303,0.0,0.16706842872205532,0.3030698107587796,0.31901414982958987,0.16706842872205532,0.3030698107587796,0.31901414982958987,0.16706842872205532,0.3030698107587796,0.31901414982958987,0.21119060836199077,0.29519881964336747,0.16440417298221652,0.23272614989816814,30.0,
hybrid_dense_lexical_dw1.25_lw1.0,kmeans,,n_clusters=25,,,,5509.0,25.0,0.07478671265202395,0.0,0.17036247845117727,0.29725267731525745,0.3109152502842331,0.17036247845117727,0.29725267731525745,0.3109152502842331,0.17036247845117727,0.29725267731525745,0.3109152502842331,0.22190058935609555,0.2743717688878227,0.18627679597581492,0.23266820944068206,25.0,
dense_bge_pca,agglomerative,cosine,n_clusters=25;linkage=average,,,,5509.0,25.0,0.17353421673624977,0.0,0.1680633436955144,0.2824890058749264,0.2971407575282442,0.1680633436955144,0.2824890058749264,0.2971407575282442,0.1680633436955144,0.2824890058749264,0.2971407575282442,0.24323771581431686,0.21796452573921815,0.27514051520081134,0.22984953682856404,,
hybrid_dense_lexical_structural_dw1.0_lw0.25_sw0.1,kmeans,,n_clusters=25,,,,5509.0,25.0,0.06607369758576874,0.0,0.16903764686632583,0.28561222810723325,0.2992857767252956,0.16903764686632583,0.28561222810723325,0.2992857767252956,0.16903764686632583,0.28561222810723325,0.2992857767252956,0.2169478546678982,0.2892728963688775,0.17355501144664495,0.22604475479624797,25.0,
hybrid_dense_lexical_dw0.75_lw0.25,kmeans,,n_clusters=18,,,,5509.0,18.0,0.08930840442911599,0.0,0.1732042339133144,0.2767348852325091,0.28694841709171875,0.1732042339133144,0.2767348852325091,0.28694841709171875,0.1732042339133144,0.2767348852325091,0.28694841709171875,0.23157688756260283,0.2577049492688039,0.21025922903098646,0.2253607290059464,18.0,
dense_bge_pca,kmeans,,n_clusters=25,,,,5509.0,25.0,0.054456344164095116,0.0,0.17321675011685875,0.2807349545878524,0.29446740220720424,0.17321675011685875,0.2807349545878524,0.29446740220720424,0.17321675011685875,0.2807349545878524,0.29446740220720424,0.21721417176360477,0.2939909146622693,0.17223452944758139,0.2251717008571501,25.0,
dense_bge_pca,kmeans,,n_clusters=20,,,,5509.0,20.0,0.08059538936286077,0.0,0.1694293254529646,0.2750121912415569,0.2863476627831472,0.1694293254529646,0.2750121912415569,0.2863476627831472,0.1694293254529646,0.2750121912415569,0.2863476627831472,0.22427844097160796,0.2591476100303151,0.19767994921650167,0.22227383977430917,20.0,
hybrid_dense_lexical_dw0.75_lw0.25,kmeans,,n_clusters=20,,,,5509.0,20.0,0.08313668542385187,0.0,0.1660954720833291,0.27192080359327686,0.28329138823718797,0.1660954720833291,0.27192080359327686,0.28329138823718797,0.1660954720833291,0.27192080359327686,0.28329138823718797,0.22070430366803961,0.2563768185152124,0.19374626387801597,0.219176510136559,20.0,
hybrid_dense_lexical_structural_dw1.0_lw0.25_sw0.1,kmeans,,n_clusters=20,,,,5509.0,20.0,0.07514975494645126,0.0,0.15996506373572833,0.2715767058569904,0.2829700196152712,0.15996506373572833,0.2715767058569904,0.2829700196152712,0.15996506373572833,0.2715767058569904,0.2829700196152712,0.21584102359677965,0.24956610980549332,0.19014570644398918,0.2162155699152903,20.0,
dense_bge_pca,agglomerative,cosine,n_clusters=20;linkage=average,,,,5509.0,20.0,0.20947540388455255,0.0,0.15158107983553284,0.2659308686815763,0.27824416546670466,0.15158107983553284,0.2659308686815763,0.27824416546670466,0.15158107983553284,0.2659308686815763,0.27824416546670466,0.2333802487304859,0.1964228018561268,0.2874680983763716,0.21489758879974846,,
hybrid_dense_lexical_dw1.25_lw1.0,kmeans,,n_clusters=18,,,,5509.0,18.0,0.10836812488654929,0.0,0.15127518173682836,0.27175589129843863,0.28217312065363376,0.15127518173682836,0.27175589129843863,0.28217312065363376,0.15127518173682836,0.27175589129843863,0.28217312065363376,0.21701653684794714,0.22808080190074134,0.20697606846148578,0.21368032031373407,18.0,
hybrid_dense_lexical_dw1.25_lw1.0,kmeans,,n_clusters=20,,,,5509.0,20.0,0.08749319295697949,0.0,0.14620677530928464,0.2663237010334129,0.27787265851601994,0.14620677530928464,0.2663237010334129,0.27787265851601994,0.14620677530928464,0.2663237010334129,0.27787265851601994,0.20581839083639558,0.23054410736850078,0.1858825946222052,0.2077586155957521,20.0,
dense_bge_pca,kmeans,,n_clusters=18,,,,5509.0,18.0,0.09039753131239789,0.0,0.155384110434201,0.2542766647691164,0.2648997043728447,0.155384110434201,0.2542766647691164,0.2648997043728447,0.155384110434201,0.2542766647691164,0.2648997043728447,0.21527339144609958,0.2318654067147123,0.20089740956040072,0.2067501704665147,18.0,
hybrid_dense_lexical_dw1.25_lw1.0,kmeans,,n_clusters=15,,,,5509.0,15.0,0.11944091486658195,0.0,0.13791143345486756,0.25893865452692255,0.2679290014348007,0.13791143345486756,0.25893865452692255,0.2679290014348007,0.13791143345486756,0.25893865452692255,0.2679290014348007,0.21037129955719777,0.19946470130598284,0.22253961908674835,0.20221767121198453,15.0,
hybrid_dense_lexical_dw0.75_lw0.25,kmeans,,n_clusters=15,,,,5509.0,15.0,0.08440733345434744,0.0,0.14723524641722982,0.2499140761792788,0.2589054153302813,0.14723524641722982,0.2499140761792788,0.2589054153302813,0.14723524641722982,0.2499140761792788,0.2589054153302813,0.21290586991254662,0.21285604880629538,0.21295571434652336,0.20146091697610435,15.0,
hybrid_dense_lexical_structural_dw1.0_lw0.25_sw0.1,kmeans,,n_clusters=15,,,,5509.0,15.0,0.09892902523143947,0.0,0.15281171409667546,0.24215171136159985,0.25125843106715934,0.15281171409667546,0.24215171136159985,0.25125843106715934,0.15281171409667546,0.24215171136159985,0.25125843106715934,0.22075796703321837,0.2182631849327458,0.22331044004345468,0.20124005767475614,15.0,
dense_bge_pca,kmeans,,n_clusters=15,,,,5509.0,15.0,0.09239426393174804,0.0,0.1522509917886798,0.24307757830733026,0.25214463256318304,0.1522509917886798,0.24307757830733026,0.25214463256318304,0.1522509917886798,0.24307757830733026,0.25214463256318304,0.21824896169190203,0.218237148437753,0.2182607762250316,0.20097676367724615,15.0,
dense_bge_pca,agglomerative,cosine,n_clusters=15;linkage=average,,,,5509.0,15.0,0.20947540388455255,0.0,0.14073612344056116,0.245158954221894,0.25473476147157237,0.14073612344056116,0.245158954221894,0.25473476147157237,0.14073612344056116,0.245158954221894,0.25473476147157237,0.2268394769303218,0.18286998737565474,0.2986463902815486,0.2003042136305046,,
hybrid_dense_lexical_structural_dw1.0_lw0.25_sw0.1,kmeans,,n_clusters=18,,,,5509.0,18.0,0.0709747685605373,0.0,0.1520954821662122,0.24376042202326983,0.25443945124279055,0.1520954821662122,0.24376042202326983,0.25443945124279055,0.1520954821662122,0.24376042202326983,0.25443945124279055,0.21144148204010438,0.2360631947867039,0.19147081521950352,0.20027888827323614,18.0,
hybrid_dense_lexical_structural_dw1.0_lw0.25_sw0.1,agglomerative,cosine,n_clusters=25;linkage=average,,,,5509.0,25.0,0.2791795244145943,0.0,0.12459897109426456,0.2501945726071033,0.26605932020904105,0.12459897109426456,0.2501945726071033,0.26605932020904105,0.12459897109426456,0.2501945726071033,0.26605932020904105,0.21031282442858415,0.16741051985723715,0.28278117383169266,0.19599600078767712,,
hybrid_dense_lexical_dw0.75_lw0.25,agglomerative,cosine,n_clusters=25;linkage=average,,,,5509.0,25.0,0.28244690506444003,0.0,0.11948486991356656,0.24883593407609317,0.2647521989505086,0.11948486991356656,0.24883593407609317,0.2647521989505086,0.11948486991356656,0.24883593407609317,0.2647521989505086,0.20755669843814514,0.16300746241068081,0.28561368637488366,0.19331203721454476,,
hybrid_dense_lexical_dw0.75_lw0.25,kmeans,,n_clusters=12,,,,5509.0,12.0,0.12488654928299146,0.0,0.13716618671142386,0.23336024345399253,0.24086675107924282,0.13716618671142386,0.23336024345399253,0.24086675107924282,0.13716618671142386,0.23336024345399253,0.24086675107924282,0.21555853650547024,0.19144829330071053,0.2466164383815166,0.19115029977513043,12.0,
hybrid_dense_lexical_dw1.25_lw1.0,kmeans,,n_clusters=12,,,,5509.0,12.0,0.14249410056271555,0.0,0.12803466650508577,0.23895978655557049,0.24647504841333887,0.12803466650508577,0.23895978655557049,0.24647504841333887,0.12803466650508577,0.23895978655557049,0.24647504841333887,0.20912851563762783,0.18056438307886527,0.24842828403965703,0.18964682249350012,12.0,
hybrid_dense_lexical_dw0.75_lw0.25,agglomerative,cosine,n_clusters=20;linkage=average,,,,5509.0,20.0,0.28244690506444003,0.0,0.1198237067244013,0.23946115275536242,0.2526306669357317,0.1198237067244013,0.23946115275536242,0.2526306669357317,0.1198237067244013,0.23946115275536242,0.2526306669357317,0.21085925345968864,0.16056518511564344,0.3070310345657215,0.18916885999426353,,
hybrid_dense_lexical_dw1.25_lw1.0,agglomerative,cosine,n_clusters=25;linkage=average,,,,5509.0,25.0,0.31239789435469234,0.0,0.13236773660672624,0.21867127344378737,0.23534655696590556,0.13236773660672624,0.21867127344378737,0.23534655696590556,0.13236773660672624,0.21867127344378737,0.23534655696590556,0.2229384731648191,0.16673089185853943,0.3363157534335308,0.18686890954521557,,
hybrid_dense_lexical_structural_dw1.0_lw0.25_sw0.1,agglomerative,cosine,n_clusters=20;linkage=average,,,,5509.0,20.0,0.28480667997821746,0.0,0.11716979818265492,0.23590641568629456,0.24901794900476792,0.11716979818265492,0.23590641568629456,0.24901794900476792,0.11716979818265492,0.23590641568629456,0.24901794900476792,0.20610711573563878,0.15968630051442484,0.29057821750661167,0.18580813299037513,,
dense_bge_pca,kmeans,,n_clusters=12,,,,5509.0,12.0,0.11036485750589944,0.0,0.13271577720047162,0.223322849297985,0.23089464244216912,0.13271577720047162,0.223322849297985,0.23089464244216912,0.13271577720047162,0.223322849297985,0.23089464244216912,0.20868828912303683,0.18788325093847166,0.23467472836195458,0.18394062145488813,12.0,
hybrid_dense_lexical_dw1.25_lw1.0,agglomerative,cosine,n_clusters=20;linkage=average,,,,5509.0,20.0,0.31984026139045196,0.0,0.1266868402331808,0.2145365527623771,0.22812772455573016,0.1266868402331808,0.2145365527623771,0.22812772455573016,0.1266868402331808,0.2145365527623771,0.22812772455573016,0.21976370525508002,0.16020782113718457,0.3497981800112153,0.18189803481237823,,
hybrid_dense_lexical_dw1.25_lw1.0,kmeans,,n_clusters=10,,,,5509.0,10.0,0.16554728625884915,0.0,0.1138433034600812,0.232059885917592,0.23851016852181958,0.1138433034600812,0.232059885917592,0.23851016852181958,0.1138433034600812,0.232059885917592,0.23851016852181958,0.20379126880421228,0.16060326723546414,0.27875032618773976,0.1809507641128401,10.0,
hybrid_dense_lexical_dw0.75_lw0.25,kmeans,,n_clusters=10,,,,5509.0,10.0,0.1444908331820657,0.0,0.1319368133187463,0.20743814159559662,0.21398056408709235,0.1319368133187463,0.20743814159559662,0.21398056408709235,0.1319368133187463,0.20743814159559662,0.21398056408709235,0.21935414590030466,0.18120068672739398,0.27786013439860235,0.17843464251657723,10.0,
hybrid_dense_lexical_dw0.75_lw0.25,agglomerative,cosine,n_clusters=15;linkage=average,,,,5509.0,15.0,0.31403158467961517,0.0,0.10523422001118478,0.22576578078074475,0.2360416234423131,0.10523422001118478,0.22576578078074475,0.2360416234423131,0.10523422001118478,0.22576578078074475,0.2360416234423131,0.20328362076371198,0.1457013226175095,0.33612142882259644,0.17639055217282507,,
dense_bge_pca,kmeans,,n_clusters=10,,,,5509.0,10.0,0.1408604102377927,0.0,0.13078669362837683,0.20196504537224175,0.20854480461370484,0.13078669362837683,0.20196504537224175,0.20854480461370484,0.13078669362837683,0.20196504537224175,0.20854480461370484,0.2170311789970536,0.17966997028082135,0.2740097310362314,0.17517145411579832,10.0,
hybrid_dense_lexical_dw0.75_lw0.25,agglomerative,cosine,n_clusters=12;linkage=average,,,,5509.0,12.0,0.31403158467961517,0.0,0.10487086154908229,0.2227863202857595,0.23104407807624341,0.10487086154908229,0.2227863202857595,0.23104407807624341,0.10487086154908229,0.2227863202857595,0.23104407807624341,0.20360646344037756,0.14489992184913947,0.3422833696997962,0.17450083472901295,,
hybrid_dense_lexical_structural_dw1.0_lw0.25_sw0.1,agglomerative,cosine,n_clusters=15;linkage=average,,,,5509.0,15.0,0.3033218369940098,0.0,0.10950312448888386,0.21778675122356794,0.22805896967952952,0.10950312448888386,0.21778675122356794,0.22805896967952952,0.10950312448888386,0.21778675122356794,0.22805896967952952,0.20339939906033358,0.15055755801857518,0.3133919268303065,0.17410290982332785,,
hybrid_dense_lexical_dw1.25_lw1.0,agglomerative,cosine,n_clusters=15;linkage=average,,,,5509.0,15.0,0.31984026139045196,0.0,0.1207524429957122,0.20388132562079758,0.21426458244985067,0.1207524429957122,0.20388132562079758,0.21426458244985067,0.1207524429957122,0.20388132562079758,0.21426458244985067,0.21673925051219473,0.15421169857554987,0.36455297011287485,0.17391599373777478,,
hybrid_dense_lexical_structural_dw1.0_lw0.25_sw0.1,kmeans,,n_clusters=10,,,,5509.0,10.0,0.1430386640043565,0.0,0.12530742563179403,0.19993886280925308,0.20654001915402062,0.12530742563179403,0.19993886280925308,0.20654001915402062,0.12530742563179403,0.19993886280925308,0.20654001915402062,0.21152839795859368,0.17495217801883822,0.2674406338313596,0.17152068463161274,10.0,
hybrid_dense_lexical_dw0.75_lw0.25,kmeans,,n_clusters=8,,,,5509.0,8.0,0.2323470684334725,0.0,0.11495579443964983,0.20298552118466914,0.2083634373441081,0.11495579443964983,0.20298552118466914,0.2083634373441081,0.11495579443964983,0.20298552118466914,0.2083634373441081,0.2117177983252923,0.15657721947296413,0.32680680247180904,0.16951826156991426,8.0,
hybrid_dense_lexical_structural_dw1.0_lw0.25_sw0.1,kmeans,,n_clusters=12,,,,5509.0,12.0,0.10419313850063533,0.0,0.1198388228645838,0.203453493952847,0.2112106290378767,0.1198388228645838,0.203453493952847,0.2112106290378767,0.1198388228645838,0.203453493952847,0.2112106290378767,0.19574270768428223,0.17711368460327603,0.21875121452881835,0.16859354444627017,12.0,
dense_bge_pca,kmeans,,n_clusters=8,,,,5509.0,8.0,0.19549827554910146,0.0,0.11693802266156686,0.19840658332387762,0.2038029790536267,0.11693802266156686,0.19840658332387762,0.2038029790536267,0.11693802266156686,0.19840658332387762,0.2038029790536267,0.2138065869786368,0.1596369840940898,0.32362080420777556,0.16847478562237964,8.0,
hybrid_dense_lexical_structural_dw1.0_lw0.25_sw0.1,agglomerative,cosine,n_clusters=12;linkage=average,,,,5509.0,12.0,0.3033218369940098,0.0,0.10611034840001944,0.20918025702181517,0.2174654535866544,0.10611034840001944,0.20918025702181517,0.2174654535866544,0.10611034840001944,0.20918025702181517,0.2174654535866544,0.2015084370826786,0.14703388335644874,0.32010352874986353,0.1683372067375682,,
hybrid_dense_lexical_dw1.25_lw1.0,kmeans,,n_clusters=8,,,,5509.0,8.0,0.19858413505173353,0.0,0.10876574762433765,0.2065318330203766,0.21190574140818882,0.10876574762433765,0.2065318330203766,0.21190574140818882,0.10876574762433765,0.2065318330203766,0.21190574140818882,0.20666730006626718,0.15283618823606598,0.3190365941003048,0.16824598625667728,8.0,
hybrid_dense_lexical_structural_dw1.0_lw0.25_sw0.1,kmeans,,n_clusters=8,,,,5509.0,8.0,0.1866037393356326,0.0,0.11456705692249326,0.20009140794054053,0.20548810193230654,0.11456705692249326,0.20009140794054053,0.20548810193230654,0.11456705692249326,0.20009140794054053,0.20548810193230654,0.21123376558213705,0.15731397163233,0.3213916233137713,0.16800717726436012,8.0,
hybrid_dense_lexical_dw1.25_lw1.0,agglomerative,cosine,n_clusters=12;linkage=average,,,,5509.0,12.0,0.31984026139045196,0.0,0.11768755071439148,0.19449338597543686,0.20309147736822175,0.11768755071439148,0.19449338597543686,0.20309147736822175,0.11768755071439148,0.19449338597543686,0.20309147736822175,0.21463326028965732,0.15159909688894047,0.3673938108536773,0.16790446380939172,,
hybrid_dense_lexical_dw1.25_lw1.0,agglomerative,cosine,n_clusters=10;linkage=average,,,,5509.0,10.0,0.31984026139045196,0.0,0.10873306654318876,0.18758691165251679,0.1949386323050605,0.10873306654318876,0.18758691165251679,0.1949386323050605,0.10873306654318876,0.18758691165251679,0.1949386323050605,0.21024060921067347,0.1431447651569899,0.3957300405490688,0.1609200822118598,,
hybrid_dense_lexical_dw0.75_lw0.25,agglomerative,cosine,n_clusters=10;linkage=average,,,,5509.0,10.0,0.31403158467961517,0.0,0.08988592834307206,0.20524664312048244,0.2123420163626909,0.08988592834307206,0.20524664312048244,0.2123420163626909,0.08988592834307206,0.20524664312048244,0.2123420163626909,0.19347153216891555,0.13257595366994981,0.35783396535099654,0.15979491765147394,,
dense_bge_pca,agglomerative,cosine,n_clusters=12;linkage=average,,,,5509.0,12.0,0.31911417680159737,0.0,0.09340001867810611,0.20115700655569127,0.2096281601330332,0.09340001867810611,0.20115700655569127,0.2096281601330332,0.09340001867810611,0.20115700655569127,0.2096281601330332,0.19489838813845217,0.13622402278697085,0.34235924883358965,0.15963812457551882,,
dense_bge_pca,agglomerative,cosine,n_clusters=10;linkage=average,,,,5509.0,10.0,0.31911417680159737,0.0,0.09022922942699746,0.19865531383389087,0.2058056815577547,0.09022922942699746,0.19865531383389087,0.2058056815577547,0.09022922942699746,0.19865531383389087,0.2058056815577547,0.19327946318969888,0.1334207703236413,0.350554195283279,0.15690714462225586,,
hybrid_dense_lexical_dw1.25_lw1.0,agglomerative,cosine,n_clusters=8;linkage=average,,,,5509.0,8.0,0.31984026139045196,0.0,0.10400077504880352,0.18307894520050072,0.18888072195211716,0.10400077504880352,0.18307894520050072,0.18888072195211716,0.10400077504880352,0.18307894520050072,0.18888072195211716,0.2072391940928131,0.13896334265495888,0.4074080243109342,0.1564840408613331,,
hybrid_dense_lexical_structural_dw1.0_lw0.25_sw0.1,agglomerative,cosine,n_clusters=10;linkage=average,,,,5509.0,10.0,0.3033218369940098,0.0,0.09480782354936432,0.1913927062292076,0.1986436416756838,0.09480782354936432,0.1913927062292076,0.1986436416756838,0.09480782354936432,0.1913927062292076,0.1986436416756838,0.1963126254171476,0.1364849473819617,0.3495261255559072,0.1556443238130013,,
hybrid_dense_lexical_structural_dw1.0_lw0.25_sw0.1,agglomerative,cosine,n_clusters=8;linkage=average,,,,5509.0,8.0,0.3490651660918497,0.0,0.09477341309957545,0.16818194544121448,0.17428615904713424,0.09477341309957545,0.16818194544121448,0.17428615904713424,0.09477341309957545,0.16818194544121448,0.17428615904713424,0.20015468138060136,0.13174624973682492,0.41633307608456266,0.14567088905601938,,
dense_bge_pca,agglomerative,cosine,n_clusters=8;linkage=average,,,,5509.0,8.0,0.36159012524959155,0.0,0.08210770116417772,0.17887349461842586,0.1847736317947142,0.08210770116417772,0.17887349461842586,0.1847736317947142,0.08210770116417772,0.17887349461842586,0.1847736317947142,0.1889614694517475,0.12525461010820968,0.3845517486438918,0.14439271111196653,,
hybrid_dense_lexical_dw0.75_lw0.25,agglomerative,cosine,n_clusters=8;linkage=average,,,,5509.0,8.0,0.31403158467961517,0.0,0.0733861543025094,0.18433806750808251,0.19033606092252675,0.0733861543025094,0.18433806750808251,0.19033606092252675,0.0733861543025094,0.18433806750808251,0.19033606092252675,0.18324531648754155,0.11905231535707439,0.39766773452667153,0.14311653832050933,,
hybrid_dense_lexical_dw1.25_lw1.0,kmeans,,n_clusters=6,,,,5509.0,6.0,0.28444363768379016,0.0,0.0843634389733089,0.17002594217414257,0.17426637686832533,0.0843634389733089,0.17002594217414257,0.17426637686832533,0.0843634389733089,0.17002594217414257,0.17426637686832533,0.19096255724162703,0.12967343219285893,0.36211188285742313,0.14107332579222795,6.0,
tfidf_char_svd,kmeans,,n_clusters=25,,,,5509.0,25.0,0.1544744962788165,0.0,0.06904636786609022,0.1956554526233855,0.21192188693396402,0.06904636786609022,0.1956554526233855,0.21192188693396402,0.06904636786609022,0.1956554526233855,0.21192188693396402,0.13715665108183833,0.13692933429251286,0.13738472386472786,0.14025680283436284,25.0,
dense_bge_pca,kmeans,,n_clusters=6,,,,5509.0,6.0,0.24741332365220547,0.0,0.08476576065199805,0.15695670131623937,0.16120520023184468,0.08476576065199805,0.15695670131623937,0.16120520023184468,0.08476576065199805,0.15695670131623937,0.16120520023184468,0.19014545455481424,0.13170783019221136,0.3417984835277505,0.13515145942777132,6.0,
hybrid_dense_lexical_structural_dw1.0_lw0.25_sw0.1,kmeans,,n_clusters=6,,,,5509.0,6.0,0.2524959157741877,0.0,0.08294647902519174,0.15729794620739426,0.16154683485796842,0.08294647902519174,0.15729794620739426,0.16154683485796842,0.08294647902519174,0.15729794620739426,0.16154683485796842,0.18860675400325433,0.13041019730583592,0.3406038498481492,0.13445159246417934,6.0,
hybrid_dense_lexical_dw0.75_lw0.25,kmeans,,n_clusters=6,,,,5509.0,6.0,0.2593937193683064,0.0,0.08151814368268294,0.1576841757782775,0.16195204525597334,0.08151814368268294,0.1576841757782775,0.16195204525597334,0.08151814368268294,0.1576841757782775,0.16195204525597334,0.18789893934876442,0.1290343872147804,0.34552488928123953,0.13406007744420662,6.0,
tfidf_char_svd,kmeans,,n_clusters=30,,,,5509.0,30.0,0.1470321292430568,0.0,0.06649230670011196,0.1829022193730627,0.20222748251657316,0.06649230670011196,0.1829022193730627,0.20222748251657316,0.06649230670011196,0.1829022193730627,0.20222748251657316,0.12774031899940927,0.14204042248129617,0.1160562097817457,0.13263307031367128,30.0,
tfidf_char_svd,kmeans,,n_clusters=20,,,,5509.0,20.0,0.22218188418950807,0.0,0.052533382077721937,0.1743751779018926,0.1882378792742457,0.052533382077721937,0.1743751779018926,0.1882378792742457,0.052533382077721937,0.1743751779018926,0.1882378792742457,0.13550585668220527,0.1146597033054611,0.16561638841233092,0.12479569135869759,20.0,
tfidf_char_svd,kmeans,,n_clusters=18,,,,5509.0,18.0,0.20802323470684334,0.0,0.05477182124066363,0.16335106174387629,0.17597041403039632,0.05477182124066363,0.16335106174387629,0.17597041403039632,0.05477182124066363,0.16335106174387629,0.17597041403039632,0.13709253744364272,0.11687342403909198,0.16577092274578825,0.12051286971730196,18.0,
tfidf_char_svd,kmeans,,n_clusters=15,,,,5509.0,15.0,0.2869849337447813,0.0,0.04634934260577183,0.16635290713233145,0.17712253500364394,0.04634934260577183,0.16635290713233145,0.17712253500364394,0.04634934260577183,0.16635290713233145,0.17712253500364394,0.1393265839805905,0.10557498103829073,0.20479963281902086,0.11932133475522692,15.0,
tfidf_char_svd,kmeans,,n_clusters=12,,,,5509.0,12.0,0.3205663459793066,0.0,0.031823295215079574,0.1441434002181135,0.15332529435463874,0.031823295215079574,0.1441434002181135,0.15332529435463874,0.031823295215079574,0.1441434002181135,0.15332529435463874,0.1340766402262934,0.09351740441788146,0.2367623298965638,0.10352232024206494,12.0,
tfidf_char_svd,kmeans,,n_clusters=10,,,,5509.0,10.0,0.32764567072063894,0.0,0.033771387212033314,0.13839701437241797,0.14613959539332097,0.033771387212033314,0.13839701437241797,0.14613959539332097,0.033771387212033314,0.13839701437241797,0.14613959539332097,0.1417094951226617,0.09602432731560327,0.27031756342847835,0.10268761691095617,10.0,
tfidf_char_svd,kmeans,,n_clusters=8,,,,5509.0,8.0,0.334361953167544,0.0,0.03350925659025168,0.12824172882142976,0.1344702316280901,0.03350925659025168,0.12824172882142976,0.1344702316280901,0.03350925659025168,0.12824172882142976,0.1344702316280901,0.14202169908107096,0.0944749495946474,0.285915352199477,0.09772302046459817,8.0,
tfidf_char_svd,kmeans,,n_clusters=6,,,,5509.0,6.0,0.3710292249047014,0.0,0.03613972086954011,0.10435666542892802,0.10910836199637863,0.03613972086954011,0.10435666542892802,0.10910836199637863,0.03613972086954011,0.10435666542892802,0.10910836199637863,0.15076740356778381,0.09651587819776015,0.3442960174559022,0.08914382055929906,6.0,
tfidf_word_svd,kmeans,,n_clusters=18,,,,5509.0,18.0,0.19204937375204212,0.0,0.02589726164337246,0.07591125436214342,0.08947764247493091,0.02589726164337246,0.07591125436214342,0.08947764247493091,0.02589726164337246,0.07591125436214342,0.08947764247493091,0.10106305246952389,0.09341794221360077,0.11007101176496716,0.06553345047807793,18.0,
tfidf_word_svd,kmeans,,n_clusters=20,,,,5509.0,20.0,0.2107460519150481,0.0,0.022049852993680768,0.060865358431157625,0.07608639331495287,0.022049852993680768,0.060865358431157625,0.07608639331495287,0.022049852993680768,0.060865358431157625,0.07608639331495287,0.09698401641658978,0.0901986657986346,0.1048732911001179,0.05720642919639193,20.0,
tfidf_word_svd,kmeans,,n_clusters=25,,,,5509.0,25.0,0.14902886186240696,0.0,0.02049069017804235,0.05521078649374263,0.07375181821523599,0.02049069017804235,0.05521078649374263,0.07375181821523599,0.02049069017804235,0.05521078649374263,0.07375181821523599,0.08287151557344981,0.09307877546501328,0.0746817240479482,0.0522016220206602,25.0,
tfidf_word_svd,kmeans,,n_clusters=15,,,,5509.0,15.0,0.19459066981303322,0.0,0.020201408392566636,0.0525496888382513,0.06412916510389792,0.020201408392566636,0.0525496888382513,0.06412916510389792,0.020201408392566636,0.0525496888382513,0.06412916510389792,0.09751400056109197,0.08777775144633669,0.10967958647722793,0.05210545167361313,15.0,
tfidf_word_svd,kmeans,,n_clusters=10,,,,5509.0,10.0,0.3684879288437103,0.0,0.009292838338840308,0.05118468445570747,0.05946596348921597,0.009292838338840308,0.05118468445570747,0.05946596348921597,0.009292838338840308,0.05118468445570747,0.05946596348921597,0.11366938932085728,0.0784415193332557,0.20633294653482204,0.05062515712926904,10.0,
tfidf_word_svd,kmeans,,n_clusters=8,,,,5509.0,8.0,0.3948084951896896,0.0,0.008485592005968429,0.047918808327273944,0.054593010125372626,0.008485592005968429,0.047918808327273944,0.054593010125372626,0.008485592005968429,0.047918808327273944,0.054593010125372626,0.1173911830492241,0.07817391723581794,0.2355676962169625,0.0492559284084333,8.0,
tfidf_word_svd,kmeans,,n_clusters=12,,,,5509.0,12.0,0.30059901978580505,0.0,0.012434543576368891,0.04699773239225219,0.05666307049342719,0.012434543576368891,0.04699773239225219,0.05666307049342719,0.012434543576368891,0.04699773239225219,0.05666307049342719,0.10713419972141942,0.08107982224757017,0.15786191108075945,0.04872251711900179,12.0,
tfidf_word_svd,kmeans,,n_clusters=30,,,,5509.0,30.0,0.16482120166999456,0.0,0.01970708535646419,0.047704072960632025,0.06989449663666211,0.01970708535646419,0.047704072960632025,0.06989449663666211,0.01970708535646419,0.047704072960632025,0.06989449663666211,0.07863233507160872,0.09084888760053318,0.0693118872991285,0.04865303137255293,30.0,
tfidf_word_svd,kmeans,,n_clusters=6,,,,5509.0,6.0,0.36322381557451444,0.0,0.008674364264715063,0.024877840940244568,0.029899915135941417,0.008674364264715063,0.024877840940244568,0.029899915135941417,0.008674364264715063,0.024877840940244568,0.029899915135941417,0.11729702545627556,0.07740308745927177,0.24205166073513926,0.0385122613427039,6.0,
tfidf_char_svd,agglomerative,cosine,n_clusters=25;linkage=average,,,,5509.0,25.0,0.609548012343438,0.0,0.02070720743936256,0.14486055361908462,0.1661151396420738,0.02070720743936256,0.14486055361908462,0.1661151396420738,0.02070720743936256,0.14486055361908462,0.1661151396420738,0.13687175290526377,0.0811702651367422,0.4362171105595994,-0.10546060389624111,,
tfidf_char_svd,agglomerative,cosine,n_clusters=20;linkage=average,,,,5509.0,20.0,0.6678163005990198,0.0,0.017046883882942843,0.12580886480997916,0.1443007141503946,0.017046883882942843,0.12580886480997916,0.1443007141503946,0.017046883882942843,0.12580886480997916,0.1443007141503946,0.13886483115295573,0.08011882579627255,0.520553066349825,-0.17369231770395124,,
tfidf_char_svd,agglomerative,cosine,n_clusters=15;linkage=average,,,,5509.0,15.0,0.7249954619713197,0.0,0.017349167568205814,0.11369443465151927,0.1284556478084635,0.017349167568205814,0.11369443465151927,0.1284556478084635,0.017349167568205814,0.11369443465151927,0.1284556478084635,0.1431330089376333,0.08091639709283391,0.6193551013911791,-0.23631131103091155,,
tfidf_char_svd,agglomerative,cosine,n_clusters=12;linkage=average,,,,5509.0,12.0,0.8767471410419314,0.0,0.004029894356707223,0.06727482265769212,0.08113771121027746,0.004029894356707223,0.06727482265769212,0.08113771121027746,0.004029894356707223,0.06727482265769212,0.08113771121027746,0.13346443292055027,0.07290103313973387,0.7886192403573352,-0.4151058938167014,,
tfidf_char_svd,agglomerative,cosine,n_clusters=10;linkage=average,,,,5509.0,10.0,0.8887275367580323,0.0,0.0033929782505367806,0.06074471617187645,0.07265359873131534,0.0033929782505367806,0.06074471617187645,0.07265359873131534,0.0033929782505367806,0.06074471617187645,0.07265359873131534,0.1334296094849529,0.07271810873713941,0.8081174016763737,-0.4307113784686765,,
tfidf_char_svd,agglomerative,cosine,n_clusters=8;linkage=average,,,,5509.0,8.0,0.9043383554184062,0.0,0.0031880834646718223,0.0589568868589029,0.06847992160275135,0.0031880834646718223,0.0589568868589029,0.06847992160275135,0.0031880834646718223,0.0589568868589029,0.06847992160275135,0.1337748433566178,0.07270152319516668,0.8363833043697128,-0.4477156039352127,,
hybrid_dense_lexical_dw1.25_lw1.0,hdbscan,euclidean,min_cluster_size=30;min_samples=5;method=eom,,,,5509.0,11.0,0.8885460156108187,0.8885460156108187,-0.002527447304617026,0.1220465891970138,0.1342785599248601,-0.002527447304617026,0.1220465891970138,0.1342785599248601,-0.002527447304617026,0.1220465891970138,0.1342785599248601,0.13101851059512137,0.07140497927066658,0.7934033272074813,-1.0436676054733804,,
dense_bge_pca,hdbscan,euclidean,min_cluster_size=30;min_samples=5;method=eom,,,,5509.0,7.0,0.9313850063532402,0.9313850063532402,-0.003436050503379287,0.0744658546581968,0.08268393720271199,-0.003436050503379287,0.0744658546581968,0.08268393720271199,-0.003436050503379287,0.0744658546581968,0.08268393720271199,0.12961162624881703,0.07011941550967637,0.8551911506422891,-1.1523143473754134,,
hybrid_dense_lexical_dw1.25_lw1.0,hdbscan,euclidean,min_cluster_size=75;min_samples=10;method=eom,,,,5509.0,3.0,0.9172263568705754,0.9172263568705754,-0.0019986822005663065,0.08048573870061024,0.08317223153636066,-0.0019986822005663065,0.08048573870061024,0.08317223153636066,-0.0019986822005663065,0.08048573870061024,0.08317223153636066,0.1315355225482148,0.07131327191679976,0.8457497506167493,-1.2718550082674656,,
dense_bge_pca,hdbscan,euclidean,min_cluster_size=50;min_samples=10;method=eom,,,,5509.0,3.0,0.9155926665456525,0.9155926665456525,-0.0021368947870051545,0.05421972952498655,0.057031313114771096,-0.0021368947870051545,0.05421972952498655,0.057031313114771096,-0.0021368947870051545,0.05421972952498655,0.057031313114771096,0.1307926734387373,0.07091726974745526,0.8400264281470871,-1.280566092655969,,
dense_bge_pca,hdbscan,euclidean,min_cluster_size=50;min_samples=10;method=leaf,,,,5509.0,3.0,0.9155926665456525,0.9155926665456525,-0.0021368947870051545,0.05421972952498655,0.057031313114771096,-0.0021368947870051545,0.05421972952498655,0.057031313114771096,-0.0021368947870051545,0.05421972952498655,0.057031313114771096,0.1307926734387373,0.07091726974745526,0.8400264281470871,-1.280566092655969,,
hybrid_dense_lexical_dw1.25_lw1.0,hdbscan,euclidean,min_cluster_size=50;min_samples=10;method=leaf,,,,5509.0,4.0,0.9233980758758396,0.9233980758758396,-0.002061529989821853,0.08483547744807422,0.08893290869193679,-0.002061529989821853,0.08483547744807422,0.08893290869193679,-0.002061529989821853,0.08483547744807422,0.08893290869193679,0.131592136584973,0.07127574383627214,0.8558287204372119,-1.281895860769032,,
hybrid_dense_lexical_dw1.25_lw1.0,hdbscan,euclidean,min_cluster_size=50;min_samples=10;method=eom,,,,5509.0,4.0,0.9233980758758396,0.9233980758758396,-0.002061529989821853,0.08483547744807422,0.08893290869193679,-0.002061529989821853,0.08483547744807422,0.08893290869193679,-0.002061529989821853,0.08483547744807422,0.08893290869193679,0.131592136584973,0.07127574383627214,0.8558287204372119,-1.281895860769032,,
hybrid_dense_lexical_structural_dw1.0_lw0.25_sw0.1,hdbscan,euclidean,min_cluster_size=30;min_samples=5;method=eom,,,,5509.0,5.0,0.943365402069341,0.943365402069341,-0.0037858301082340476,0.06547186707215343,0.07117391780266527,-0.0037858301082340476,0.06547186707215343,0.07117391780266527,-0.0037858301082340476,0.06547186707215343,0.07117391780266527,0.12957859997591914,0.06996791453342939,0.8753638959678569,-1.3310629803108713,,
hybrid_dense_lexical_dw1.25_lw1.0,hdbscan,euclidean,min_cluster_size=100;min_samples=20;method=eom,,,,5509.0,1.0,1.0,1.0,0.0,0.0,0.0,0.0,0.0,0.0,0.0,0.0,0.0,0.13298497974336426,0.07122866088409104,1.0,-1.473403004051327,,
hybrid_dense_lexical_structural_dw1.0_lw0.25_sw0.1,hdbscan,euclidean,min_cluster_size=75;min_samples=10;method=eom,,,,5509.0,1.0,1.0,1.0,0.0,0.0,0.0,0.0,0.0,0.0,0.0,0.0,0.0,0.13298497974336426,0.07122866088409104,1.0,-1.473403004051327,,
hybrid_dense_lexical_structural_dw1.0_lw0.25_sw0.1,hdbscan,euclidean,min_cluster_size=50;min_samples=10;method=leaf,,,,5509.0,1.0,1.0,1.0,0.0,0.0,0.0,0.0,0.0,0.0,0.0,0.0,0.0,0.13298497974336426,0.07122866088409104,1.0,-1.473403004051327,,
hybrid_dense_lexical_structural_dw1.0_lw0.25_sw0.1,hdbscan,euclidean,min_cluster_size=150;min_samples=20;method=eom,,,,5509.0,1.0,1.0,1.0,0.0,0.0,0.0,0.0,0.0,0.0,0.0,0.0,0.0,0.13298497974336426,0.07122866088409104,1.0,-1.473403004051327,,
hybrid_dense_lexical_structural_dw1.0_lw0.25_sw0.1,hdbscan,euclidean,min_cluster_size=100;min_samples=20;method=eom,,,,5509.0,1.0,1.0,1.0,0.0,0.0,0.0,0.0,0.0,0.0,0.0,0.0,0.0,0.13298497974336426,0.07122866088409104,1.0,-1.473403004051327,,
hybrid_dense_lexical_dw1.25_lw1.0,hdbscan,euclidean,min_cluster_size=150;min_samples=20;method=eom,,,,5509.0,1.0,1.0,1.0,0.0,0.0,0.0,0.0,0.0,0.0,0.0,0.0,0.0,0.13298497974336426,0.07122866088409104,1.0,-1.473403004051327,,
dense_bge_pca,hdbscan,euclidean,min_cluster_size=150;min_samples=20;method=eom,,,,5509.0,1.0,1.0,1.0,0.0,0.0,0.0,0.0,0.0,0.0,0.0,0.0,0.0,0.13298497974336426,0.07122866088409104,1.0,-1.473403004051327,,
dense_bge_pca,hdbscan,euclidean,min_cluster_size=100;min_samples=20;method=eom,,,,5509.0,1.0,1.0,1.0,0.0,0.0,0.0,0.0,0.0,0.0,0.0,0.0,0.0,0.13298497974336426,0.07122866088409104,1.0,-1.473403004051327,,
dense_bge_pca,hdbscan,euclidean,min_cluster_size=75;min_samples=10;method=eom,,,,5509.0,1.0,1.0,1.0,0.0,0.0,0.0,0.0,0.0,0.0,0.0,0.0,0.0,0.13298497974336426,0.07122866088409104,1.0,-1.473403004051327,,
hybrid_dense_lexical_structural_dw1.0_lw0.25_sw0.1,hdbscan,euclidean,min_cluster_size=50;min_samples=10;method=eom,,,,5509.0,1.0,1.0,1.0,0.0,0.0,0.0,0.0,0.0,0.0,0.0,0.0,0.0,0.13298497974336426,0.07122866088409104,1.0,-1.473403004051327,,
tfidf_word_svd,agglomerative,,n_clusters=8,,,,,,,,,,,,,,,,,,,,-999.0,,ValueError: Cosine affinity cannot be used when X contains zero vectors
tfidf_word_svd,agglomerative,,n_clusters=12,,,,,,,,,,,,,,,,,,,,-999.0,,ValueError: Cosine affinity cannot be used when X contains zero vectors
tfidf_word_svd,agglomerative,,n_clusters=15,,,,,,,,,,,,,,,,,,,,-999.0,,ValueError: Cosine affinity cannot be used when X contains zero vectors
tfidf_word_svd,agglomerative,,n_clusters=20,,,,,,,,,,,,,,,,,,,,-999.0,,ValueError: Cosine affinity cannot be used when X contains zero vectors
tfidf_word_svd,agglomerative,,n_clusters=25,,,,,,,,,,,,,,,,,,,,-999.0,,ValueError: Cosine affinity cannot be used when X contains zero vectors
tfidf_word_svd,agglomerative,,n_clusters=10,,,,,,,,,,,,,,,,,,,,-999.0,,ValueError: Cosine affinity cannot be used when X contains zero vectors
