feature_set,method,params,rows,cluster_count,largest_cluster_share,noise_share,ari_all,ami_all,v_measure_all,ari_excluding_other,ami_excluding_other,v_measure_excluding_other,ari_single_clear,ami_single_clear,v_measure_single_clear,pairwise_f1_all,pairwise_precision_all,pairwise_recall_all,balanced_score
hybrid_dense_lexical_structural_dw1.0_lw0.25_sw0.1,minibatch_kmeans_ablation,dense=1.0;lexical=0.25;structural=0.1,5509,12,0.12543111272463242,0.0,0.1518122940192776,0.22681504539450414,0.23436677546670912,0.1518122940192776,0.22681504539450414,0.23436677546670912,0.1518122940192776,0.22681504539450414,0.23436677546670912,0.22890726590903987,0.20482461171564076,0.2594076245574488,0.1952798443331694
hybrid_dense_lexical_dw1.25_lw1.0,minibatch_kmeans_ablation,dense=1.25;lexical=1.0,5509,12,0.12470502813577782,0.0,0.13776511180995518,0.2150476293701943,0.22273800611552486,0.13776511180995518,0.2150476293701943,0.22273800611552486,0.13776511180995518,0.2150476293701943,0.22273800611552486,0.21777815765808606,0.19226526148424164,0.25109793405177916,0.18357919247752383
hybrid_dense_lexical_dw0.75_lw0.25,minibatch_kmeans_ablation,dense=0.75;lexical=0.25,5509,12,0.12053004174986386,0.0,0.12315010566595354,0.2258455331231478,0.23343992920217524,0.12315010566595354,0.2258455331231478,0.23343992920217524,0.12315010566595354,0.2258455331231478,0.23343992920217524,0.20426139230469817,0.1800449826549932,0.23600446391391974,0.18132639908589906
hybrid_dense_lexical_structural_dw1.25_lw0.5_sw0.25,minibatch_kmeans_ablation,dense=1.25;lexical=0.5;structural=0.25,5509,12,0.10528226538391723,0.0,0.13341641823991396,0.208450925827506,0.21615088621037803,0.13341641823991396,0.208450925827506,0.21615088621037803,0.13341641823991396,0.208450925827506,0.21615088621037803,0.20871999194105698,0.18905630309088356,0.23294894074579936,0.1774968305782813
hybrid_dense_lexical_structural_dw1.25_lw0.25_sw0.1,minibatch_kmeans_ablation,dense=1.25;lexical=0.25;structural=0.1,5509,12,0.10564530767834453,0.0,0.13516605434971124,0.2038827548984275,0.21162579174686272,0.13516605434971124,0.2038827548984275,0.21162579174686272,0.13516605434971124,0.2038827548984275,0.21162579174686272,0.2104773320757931,0.19099663763272454,0.23438324144555303,0.17632828163647318
hybrid_dense_lexical_dw0.75_lw0.75,minibatch_kmeans_ablation,dense=0.75;lexical=0.75,5509,12,0.16699945543655836,0.0,0.11033712435538168,0.2240246556834535,0.2317032310411763,0.11033712435538168,0.2240246556834535,0.2317032310411763,0.11033712435538168,0.2240246556834535,0.2317032310411763,0.19237790438353267,0.16417289618772932,0.23228453564746185,0.17430745708030582
hybrid_dense_lexical_dw0.5_lw0.5,minibatch_kmeans_ablation,dense=0.5;lexical=0.5,5509,12,0.16699945543655836,0.0,0.11033712435538168,0.2240246556834535,0.2317032310411763,0.11033712435538168,0.2240246556834535,0.2317032310411763,0.11033712435538168,0.2240246556834535,0.2317032310411763,0.19237790438353267,0.16417289618772932,0.23228453564746185,0.17430745708030582
hybrid_dense_lexical_dw1.0_lw1.0,minibatch_kmeans_ablation,dense=1.0;lexical=1.0,5509,12,0.16699945543655836,0.0,0.11033712435538168,0.2240246556834535,0.2317032310411763,0.11033712435538168,0.2240246556834535,0.2317032310411763,0.11033712435538168,0.2240246556834535,0.2317032310411763,0.19237790438353267,0.16417289618772932,0.23228453564746185,0.17430745708030582
hybrid_dense_lexical_dw1.25_lw1.25,minibatch_kmeans_ablation,dense=1.25;lexical=1.25,5509,12,0.16699945543655836,0.0,0.11033712435538168,0.2240246556834535,0.2317032310411763,0.11033712435538168,0.2240246556834535,0.2317032310411763,0.11033712435538168,0.2240246556834535,0.2317032310411763,0.19237790438353267,0.16417289618772932,0.23228453564746185,0.17430745708030582
hybrid_dense_lexical_dw1.0_lw0.75,minibatch_kmeans_ablation,dense=1.0;lexical=0.75,5509,12,0.11054637865311309,0.0,0.12156092949804288,0.21402977482392063,0.22168382288601554,0.12156092949804288,0.21402977482392063,0.22168382288601554,0.12156092949804288,0.21402977482392063,0.22168382288601554,0.197530629752163,0.17831822260914157,0.22138292497404377,0.17420131548613346
hybrid_dense_lexical_structural_dw0.75_lw0.75_sw0.1,minibatch_kmeans_ablation,dense=0.75;lexical=0.75;structural=0.1,5509,12,0.15520058086767108,0.0,0.11012560998803694,0.21843305696506116,0.22615284940953984,0.11012560998803694,0.21843305696506116,0.22615284940953984,0.11012560998803694,0.21843305696506116,0.22615284940953984,0.19115964429035337,0.1644304137506724,0.22826571762228107,0.17149443559987895
hybrid_dense_lexical_structural_dw1.25_lw1.25_sw0.1,minibatch_kmeans_ablation,dense=1.25;lexical=1.25;structural=0.1,5509,12,0.1660918497004901,0.0,0.10764804113090104,0.22036901110190404,0.22808300560872546,0.10764804113090104,0.22036901110190404,0.22808300560872546,0.10764804113090104,0.22036901110190404,0.22808300560872546,0.18971374088287474,0.16209343327675005,0.2286802767922744,0.17133171413840745
hybrid_dense_lexical_structural_dw1.25_lw0.5_sw0.1,minibatch_kmeans_ablation,dense=1.25;lexical=0.5;structural=0.1,5509,12,0.12053004174986386,0.0,0.12415918413511949,0.20396297452486126,0.21170109168219997,0.12415918413511949,0.20396297452486126,0.21170109168219997,0.12415918413511949,0.20396297452486126,0.21170109168219997,0.20117766915906177,0.18255937236543848,0.22402481432746102,0.17120115689787044
hybrid_dense_lexical_dw1.25_lw0.25,minibatch_kmeans_ablation,dense=1.25;lexical=0.25,5509,12,0.12234525322200036,0.0,0.12186399442049117,0.20510632286121275,0.2128338861987239,0.12186399442049117,0.20510632286121275,0.2128338861987239,0.12186399442049117,0.20510632286121275,0.2128338861987239,0.19992058666188195,0.1813653456318435,0.22270525768368765,0.17077305178044727
hybrid_dense_lexical,minibatch_kmeans_ablation,n_clusters=12,5509,12,0.15320384824832092,0.0,0.10619229338100679,0.2168386769433479,0.22459268106190466,0.10619229338100679,0.2168386769433479,0.22459268106190466,0.10619229338100679,0.2168386769433479,0.22459268106190466,0.18801133300978884,0.16058285093378963,0.2267398067488012,0.16897586027040556
hybrid_dense_lexical_structural_dw1.25_lw0.25_sw0.25,minibatch_kmeans_ablation,dense=1.25;lexical=0.25;structural=0.25,5509,12,0.13704846614630606,0.0,0.11936540942829468,0.20281713897291803,0.21059033040880748,0.11936540942829468,0.20281713897291803,0.21059033040880748,0.11936540942829468,0.20281713897291803,0.21059033040880748,0.19675438969570663,0.17628458324234247,0.2226025432464795,0.1683715111644152
hybrid_dense_lexical_structural_dw1.0_lw1.0_sw0.1,minibatch_kmeans_ablation,dense=1.0;lexical=1.0;structural=0.1,5509,12,0.17244508985296786,0.0,0.10610450476067403,0.21521551735535294,0.22297682410427297,0.10610450476067403,0.21521551735535294,0.22297682410427297,0.10610450476067403,0.21521551735535294,0.22297682410427297,0.18818489208550418,0.16055711813987175,0.22729687063347973,0.1682556393424419
hybrid_dense_lexical_dw1.0_lw0.25,minibatch_kmeans_ablation,dense=1.0;lexical=0.25,5509,12,0.1192593937193683,0.0,0.11791452055016997,0.19996632260106473,0.20774965952883767,0.11791452055016997,0.19996632260106473,0.20774965952883767,0.11791452055016997,0.19996632260106473,0.20774965952883767,0.1961368798359941,0.17754930466861607,0.21907138745921498,0.1665324115346722
dense_bge_pca,minibatch_kmeans_ablation,n_clusters=12,5509,12,0.10401161735342167,0.0,0.11906762764526428,0.19529806359542867,0.20310123088285786,0.11906762764526428,0.19529806359542867,0.20310123088285786,0.11906762764526428,0.19529806359542867,0.20310123088285786,0.1958220062982801,0.1794829492277543,0.21543381581358162,0.16471960999303548
hybrid_dense_lexical_structural_dw1.25_lw1.0_sw0.1,minibatch_kmeans_ablation,dense=1.25;lexical=1.0;structural=0.1,5509,12,0.10655291341441278,0.0,0.11087664633661404,0.2022921412409598,0.2100891686891994,0.11087664633661404,0.2022921412409598,0.2100891686891994,0.11087664633661404,0.2022921412409598,0.2100891686891994,0.18814652797897652,0.16828305803825613,0.21332678181787898,0.16387301991727132
hybrid_dense_lexical_structural_dw1.0_lw0.75_sw0.1,minibatch_kmeans_ablation,dense=1.0;lexical=0.75;structural=0.1,5509,12,0.10963877291704484,0.0,0.1109248597311549,0.20073841856399816,0.2085456366802128,0.1109248597311549,0.20073841856399816,0.2085456366802128,0.1109248597311549,0.20073841856399816,0.2085456366802128,0.18865656556983948,0.16899635000406532,0.21349334577010842,0.1632928639161672
hybrid_dense_lexical_dw1.0_lw0.5,minibatch_kmeans_ablation,dense=1.0;lexical=0.5,5509,12,0.10564530767834453,0.0,0.12242053492839533,0.18588329072290075,0.19379810233014913,0.12242053492839533,0.18588329072290075,0.19379810233014913,0.12242053492839533,0.18588329072290075,0.19379810233014913,0.19935321589416985,0.18119575713727853,0.2215550410580142,0.16222298738447
hybrid_dense_lexical_dw0.5_lw0.25,minibatch_kmeans_ablation,dense=0.5;lexical=0.25,5509,12,0.10564530767834453,0.0,0.12242053492839533,0.18588329072290075,0.19379810233014913,0.12242053492839533,0.18588329072290075,0.19379810233014913,0.12242053492839533,0.18588329072290075,0.19379810233014913,0.19935321589416985,0.18119575713727853,0.2215550410580142,0.16222298738447
hybrid_dense_lexical_dw0.75_lw0.5,minibatch_kmeans_ablation,dense=0.75;lexical=0.5,5509,12,0.1682701034670539,0.0,0.11503448693223077,0.19145351754763884,0.1994038271371232,0.11503448693223077,0.19145351754763884,0.1994038271371232,0.11503448693223077,0.19145351754763884,0.1994038271371232,0.19686315988200218,0.17172841250099052,0.23061704541458694,0.16202463834987824
hybrid_dense_lexical_structural_dw1.25_lw0.75_sw0.25,minibatch_kmeans_ablation,dense=1.25;lexical=0.75;structural=0.25,5509,12,0.11871483027772735,0.0,0.11295660588993023,0.19180430203586696,0.19968606002216016,0.11295660588993023,0.19180430203586696,0.19968606002216016,0.11295660588993023,0.19180430203586696,0.19968606002216016,0.19141211395068283,0.17242586625364215,0.21509698648796205,0.1604517799698291
hybrid_dense_lexical_structural_dw0.75_lw0.5_sw0.1,minibatch_kmeans_ablation,dense=0.75;lexical=0.5;structural=0.1,5509,12,0.1192593937193683,0.0,0.10927619092957586,0.19551476326211006,0.2033705989351714,0.10927619092957586,0.19551476326211006,0.2033705989351714,0.10927619092957586,0.19551476326211006,0.2033705989351714,0.1876234168925363,0.16759988383611577,0.21308063731069543,0.1602531430435949
hybrid_dense_lexical_structural_dw0.75_lw0.25_sw0.1,minibatch_kmeans_ablation,dense=0.75;lexical=0.25;structural=0.1,5509,12,0.11581049192230895,0.0,0.11130431091928432,0.19303262533844517,0.2008870465912193,0.11130431091928432,0.19303262533844517,0.2008870465912193,0.11130431091928432,0.19303262533844517,0.2008870465912193,0.18750220020020267,0.1697047800900676,0.20946990096847684,0.1597200200313197
hybrid_dense_lexical_dw1.25_lw0.5,minibatch_kmeans_ablation,dense=1.25;lexical=0.5,5509,12,0.111635505536395,0.0,0.10846910552603418,0.1958703478688901,0.20368382604645094,0.10846910552603418,0.1958703478688901,0.20368382604645094,0.10846910552603418,0.1958703478688901,0.20368382604645094,0.18445116043983337,0.1677727302703141,0.204811662437793,0.1595259898311677
hybrid_dense_lexical_structural_dw1.25_lw0.75_sw0.1,minibatch_kmeans_ablation,dense=1.25;lexical=0.75;structural=0.1,5509,12,0.17117444182247232,0.0,0.10881086737465066,0.18294684269734335,0.19097344175531633,0.10881086737465066,0.18294684269734335,0.19097344175531633,0.10881086737465066,0.18294684269734335,0.19097344175531633,0.18923152760727474,0.1650802380056483,0.2216605315610929,0.15482229471214792
hybrid_dense_lexical_structural_dw1.0_lw0.25_sw0.25,minibatch_kmeans_ablation,dense=1.0;lexical=0.25;structural=0.25,5509,12,0.11798874568887276,0.0,0.10454991311199892,0.18177547208658285,0.18975576114410833,0.10454991311199892,0.18177547208658285,0.18975576114410833,0.10454991311199892,0.18177547208658285,0.18975576114410833,0.1826809288192662,0.16420508399006706,0.20584158287574514,0.1516951944007966
hybrid_dense_lexical_structural_dw0.5_lw0.5_sw0.1,minibatch_kmeans_ablation,dense=0.5;lexical=0.5;structural=0.1,5509,12,0.14775821383191143,0.0,0.09631172766091299,0.18875970572896994,0.19676770862481194,0.09631172766091299,0.18875970572896994,0.19676770862481194,0.09631172766091299,0.18875970572896994,0.19676770862481194,0.1788312446847648,0.15341791603328994,0.21433541908415737,0.15160363553722384
hybrid_dense_lexical_structural_dw1.25_lw1.25_sw0.25,minibatch_kmeans_ablation,dense=1.25;lexical=1.25;structural=0.25,5509,12,0.14775821383191143,0.0,0.09631172766091299,0.18875970572896994,0.19676770862481194,0.09631172766091299,0.18875970572896994,0.19676770862481194,0.09631172766091299,0.18875970572896994,0.19676770862481194,0.1788312446847648,0.15341791603328994,0.21433541908415737,0.15160363553722384
hybrid_dense_lexical_structural_dw1.0_lw0.75_sw0.25,minibatch_kmeans_ablation,dense=1.0;lexical=0.75;structural=0.25,5509,12,0.11435832274459974,0.0,0.10990152676587711,0.17044248835269582,0.17850115805643088,0.10990152676587711,0.17044248835269582,0.17850115805643088,0.10990152676587711,0.17044248835269582,0.17850115805643088,0.18974120168342834,0.17278352301743635,0.21038970412689953,0.1496324855510957
hybrid_dense_lexical_dw1.25_lw0.75,minibatch_kmeans_ablation,dense=1.25;lexical=0.75,5509,12,0.11544744962788164,0.0,0.10090141356363165,0.1811089338713869,0.18908385951045706,0.10090141356363165,0.1811089338713869,0.18908385951045706,0.10090141356363165,0.1811089338713869,0.18908385951045706,0.17835905218273443,0.16087122119448863,0.20011270827434194,0.14943498615752804
hybrid_dense_lexical_structural_dw1.0_lw0.5_sw0.1,minibatch_kmeans_ablation,dense=1.0;lexical=0.5;structural=0.1,5509,12,0.11544744962788164,0.0,0.10104800365834116,0.1801347209537744,0.188125555879411,0.10104800365834116,0.1801347209537744,0.188125555879411,0.10104800365834116,0.1801347209537744,0.188125555879411,0.17956119428010645,0.16150771883081264,0.20215866882089378,0.14928497311413128
hybrid_dense_lexical_structural,minibatch_kmeans_ablation,n_clusters=12,5509,12,0.1350517335269559,0.0,0.0927443136539303,0.18850904633983584,0.19646476907951166,0.0927443136539303,0.18850904633983584,0.19646476907951166,0.0927443136539303,0.18850904633983584,0.19646476907951166,0.17302797758137498,0.15263953398728453,0.19970277588079943,0.14924689115029915
hybrid_dense_lexical_structural_dw0.75_lw0.25_sw0.25,minibatch_kmeans_ablation,dense=0.75;lexical=0.25;structural=0.25,5509,12,0.12361590125249591,0.0,0.10280883983888552,0.17778148582580677,0.18580881725886003,0.10280883983888552,0.17778148582580677,0.18580881725886003,0.10280883983888552,0.17778148582580677,0.18580881725886003,0.1813391826764754,0.162514252195113,0.2050966718671634,0.1491189899668371
hybrid_dense_lexical_structural_dw1.25_lw1.0_sw0.25,minibatch_kmeans_ablation,dense=1.25;lexical=1.0;structural=0.25,5509,12,0.1170811399528045,0.0,0.10594788865301877,0.17126177520254174,0.17932678807003047,0.10594788865301877,0.17126177520254174,0.17932678807003047,0.10594788865301877,0.17126177520254174,0.17932678807003047,0.18339458397127464,0.1657992264826497,0.205167924224506,0.14754733544817655
hybrid_dense_lexical_structural_dw1.0_lw0.5_sw0.25,minibatch_kmeans_ablation,dense=1.0;lexical=0.5;structural=0.25,5509,12,0.1265202396079143,0.0,0.09677232143678861,0.17907146465605975,0.18707005918488595,0.09677232143678861,0.17907146465605975,0.18707005918488595,0.09677232143678861,0.17907146465605975,0.18707005918488595,0.17484955604717164,0.15713451945006646,0.19706643865912318,0.14658341536790437
hybrid_dense_lexical_structural_dw1.0_lw1.25_sw0.1,minibatch_kmeans_ablation,dense=1.0;lexical=1.25;structural=0.1,5509,12,0.1847885278634961,0.0,0.08529263219449704,0.1869510206719995,0.19514688583262516,0.08529263219449704,0.1869510206719995,0.19514688583262516,0.08529263219449704,0.1869510206719995,0.19514688583262516,0.1720681911332741,0.13977567915321307,0.22376478949092504,0.1461783534775601
hybrid_dense_lexical_structural_dw0.5_lw0.25_sw0.1,minibatch_kmeans_ablation,dense=0.5;lexical=0.25;structural=0.1,5509,12,0.12597567616627336,0.0,0.0965035316166974,0.17728006798991705,0.18528828098845174,0.0965035316166974,0.17728006798991705,0.18528828098845174,0.0965035316166974,0.17728006798991705,0.18528828098845174,0.17387172103303317,0.15686230727148903,0.195018627401991,0.14550348753671222
hybrid_dense_lexical_dw0.75_lw1.0,minibatch_kmeans_ablation,dense=0.75;lexical=1.0,5509,12,0.22163732074786713,0.0,0.07942020350270806,0.1890377137956791,0.1973627119689894,0.07942020350270806,0.1890377137956791,0.1973627119689894,0.07942020350270806,0.1890377137956791,0.1973627119689894,0.1706158274451074,0.13302186296338853,0.23783018990141264,0.14509744729121707
hybrid_dense_lexical_dw0.75_lw1.25,minibatch_kmeans_ablation,dense=0.75;lexical=1.25,5509,12,0.1887819931021964,0.0,0.09161923677303498,0.17774803530953479,0.1859489426552696,0.09161923677303498,0.17774803530953479,0.1859489426552696,0.09161923677303498,0.17774803530953479,0.1859489426552696,0.17657814053527962,0.14661113872022877,0.2219427649245928,0.14483824186469077
hybrid_dense_lexical_structural_dw0.75_lw1.0_sw0.1,minibatch_kmeans_ablation,dense=0.75;lexical=1.0;structural=0.1,5509,12,0.20185151570157922,0.0,0.08139951889107465,0.1862995876097603,0.19455276351437767,0.08139951889107465,0.1862995876097603,0.19455276351437767,0.08139951889107465,0.1862995876097603,0.19455276351437767,0.17017553068057503,0.13574308162345655,0.2280130956280664,0.14435307020398389
hybrid_dense_lexical_dw1.0_lw1.25,minibatch_kmeans_ablation,dense=1.0;lexical=1.25,5509,12,0.2063895443819205,0.0,0.09291934779774064,0.17440064525013232,0.1826397668036478,0.09291934779774064,0.17440064525013232,0.1826397668036478,0.09291934779774064,0.17440064525013232,0.1826397668036478,0.1765361383423472,0.14530129673830378,0.22487706654970177,0.14372310275873004
hybrid_dense_lexical_dw0.5_lw0.75,minibatch_kmeans_ablation,dense=0.5;lexical=0.75,5509,12,0.1423125794155019,0.0,0.07705284465048608,0.17421989432127008,0.182398163572157,0.07705284465048608,0.17421989432127008,0.182398163572157,0.07705284465048608,0.17421989432127008,0.182398163572157,0.15916625732011722,0.1362769204400878,0.19129684842495276,0.13539262461646254
hybrid_dense_lexical_structural_dw1.0_lw1.0_sw0.25,minibatch_kmeans_ablation,dense=1.0;lexical=1.0;structural=0.25,5509,12,0.12779088763840987,0.0,0.09013921721139598,0.16103347412326072,0.16921477567444945,0.09013921721139598,0.16103347412326072,0.16921477567444945,0.09013921721139598,0.16103347412326072,0.16921477567444945,0.16864561677665998,0.15151664862537126,0.19014107966753835,0.1352812772620153
hybrid_dense_lexical_structural_dw0.75_lw0.5_sw0.25,minibatch_kmeans_ablation,dense=0.75;lexical=0.5;structural=0.25,5509,12,0.1170811399528045,0.0,0.08339678101162011,0.15948871206527168,0.1677291198325316,0.08339678101162011,0.15948871206527168,0.1677291198325316,0.08339678101162011,0.15948871206527168,0.1677291198325316,0.1633326558660949,0.14452178260624937,0.18777309548000956,0.13151558784789227
hybrid_dense_lexical_structural_dw1.25_lw1.0_sw0.5,minibatch_kmeans_ablation,dense=1.25;lexical=1.0;structural=0.5,5509,12,0.1314213105826829,0.0,0.08269452879083593,0.15962362643740688,0.16783691083526678,0.08269452879083593,0.15962362643740688,0.16783691083526678,0.08269452879083593,0.15962362643740688,0.16783691083526678,0.16270153043003982,0.14489569042659153,0.18549672146620694,0.13123261771955683
hybrid_dense_lexical_structural_dw0.75_lw0.75_sw0.25,minibatch_kmeans_ablation,dense=0.75;lexical=0.75;structural=0.25,5509,12,0.12833545108005082,0.0,0.0752153657212304,0.15986313740703192,0.16810651791320938,0.0752153657212304,0.15986313740703192,0.16810651791320938,0.0752153657212304,0.15986313740703192,0.16810651791320938,0.1550697529452156,0.1367289744055285,0.17909326285827443,0.127577817265121
hybrid_dense_lexical_structural_dw0.75_lw1.25_sw0.1,minibatch_kmeans_ablation,dense=0.75;lexical=1.25;structural=0.1,5509,12,0.15756035578144853,0.0,0.06652122644782954,0.16363448799778813,0.17197155684366375,0.06652122644782954,0.16363448799778813,0.17197155684366375,0.06652122644782954,0.16363448799778813,0.17197155684366375,0.15005542060352497,0.1254264912196732,0.1867200411598033,0.1256872388655274
hybrid_dense_lexical_structural_dw0.75_lw1.0_sw0.25,minibatch_kmeans_ablation,dense=0.75;lexical=1.0;structural=0.25,5509,12,0.15556362316209837,0.0,0.07471213450029261,0.15308370057136747,0.16154799397467776,0.07471213450029261,0.15308370057136747,0.16154799397467776,0.07471213450029261,0.15308370057136747,0.16154799397467776,0.1610738002407536,0.13576147594657842,0.19798809252812619,0.12563213900618145
hybrid_dense_lexical_structural_dw1.0_lw1.25_sw0.25,minibatch_kmeans_ablation,dense=1.0;lexical=1.25;structural=0.25,5509,12,0.16881466690869487,0.0,0.0717292741319323,0.14648752760283884,0.1550539535524836,0.0717292741319323,0.14648752760283884,0.1550539535524836,0.0717292741319323,0.14648752760283884,0.1550539535524836,0.15893151243287384,0.13008320326683045,0.20422128576266857,0.12136607863484312
hybrid_dense_lexical_structural_dw1.25_lw1.25_sw0.5,minibatch_kmeans_ablation,dense=1.25;lexical=1.25;structural=0.5,5509,12,0.12053004174986386,0.0,0.07743470203548002,0.13699912131333083,0.14540813877384218,0.07743470203548002,0.13699912131333083,0.14540813877384218,0.07743470203548002,0.13699912131333083,0.14540813877384218,0.15613614875252682,0.14061826930562404,0.1755038096877296,0.11820949931727608
hybrid_dense_lexical_structural_dw0.5_lw0.75_sw0.1,minibatch_kmeans_ablation,dense=0.5;lexical=0.75;structural=0.1,5509,12,0.16863314576148122,0.0,0.06880339328864112,0.140164649657861,0.14866901270600466,0.06880339328864112,0.140164649657861,0.14866901270600466,0.06880339328864112,0.140164649657861,0.14866901270600466,0.15350220343783894,0.13114634760573135,0.18504607343989724,0.11654164178223349
hybrid_dense_lexical_structural_dw0.5_lw1.0_sw0.1,minibatch_kmeans_ablation,dense=0.5;lexical=1.0;structural=0.1,5509,12,0.23180250499183155,0.0,0.05615865141251973,0.15103833329696117,0.15964162629151704,0.05615865141251973,0.15103833329696117,0.15964162629151704,0.05615865141251973,0.15103833329696117,0.15964162629151704,0.1454323549318148,0.11389464582814772,0.20112412160649082,0.11605213964239039
hybrid_dense_lexical_structural_dw1.25_lw0.75_sw0.5,minibatch_kmeans_ablation,dense=1.25;lexical=0.75;structural=0.5,5509,12,0.11072789980032674,0.0,0.07255168573702905,0.13485089999645103,0.14326733603174185,0.07255168573702905,0.13485089999645103,0.14326733603174185,0.07255168573702905,0.13485089999645103,0.14326733603174185,0.14998054158763202,0.1360584100018613,0.16707659906020916,0.11454862804586079
hybrid_dense_lexical_structural_dw1.0_lw1.0_sw0.5,minibatch_kmeans_ablation,dense=1.0;lexical=1.0;structural=0.5,5509,12,0.14721365039027046,0.0,0.07045817377202565,0.13491089399831668,0.14338107702413289,0.07045817377202565,0.13491089399831668,0.14338107702413289,0.07045817377202565,0.13491089399831668,0.14338107702413289,0.1507998084617981,0.13315820103307263,0.17382984196782356,0.11412486187966389
hybrid_dense_lexical_structural_dw0.5_lw0.5_sw0.25,minibatch_kmeans_ablation,dense=0.5;lexical=0.5;structural=0.25,5509,12,0.14721365039027046,0.0,0.07045817377202565,0.13491089399831668,0.14338107702413289,0.07045817377202565,0.13491089399831668,0.14338107702413289,0.07045817377202565,0.13491089399831668,0.14338107702413289,0.1507998084617981,0.13315820103307263,0.17382984196782356,0.11412486187966389
hybrid_dense_lexical_dw0.5_lw1.25,minibatch_kmeans_ablation,dense=0.5;lexical=1.25,5509,12,0.19695044472681067,0.0,0.05906119497254392,0.14154860846387618,0.15020618585419362,0.05906119497254392,0.14154860846387618,0.15020618585419362,0.05906119497254392,0.14154860846387618,0.15020618585419362,0.1472293461286982,0.1184396839429709,0.19450968199240098,0.11302549587382646
hybrid_dense_lexical_structural_dw0.5_lw0.75_sw0.25,minibatch_kmeans_ablation,dense=0.5;lexical=0.75;structural=0.25,5509,12,0.1430386640043565,0.0,0.062429561807389115,0.139448647735145,0.1480059241501284,0.062429561807389115,0.139448647735145,0.1480059241501284,0.062429561807389115,0.139448647735145,0.1480059241501284,0.1452610533213266,0.12355817863174827,0.17621263183999497,0.11267228979104316
hybrid_dense_lexical_structural_dw1.0_lw1.25_sw0.5,minibatch_kmeans_ablation,dense=1.0;lexical=1.25;structural=0.5,5509,12,0.12161916863314576,0.0,0.0672441531941345,0.13578766267474238,0.1442359592150019,0.0672441531941345,0.13578766267474238,0.1442359592150019,0.0672441531941345,0.13578766267474238,0.1442359592150019,0.14588681382984334,0.12991497714703662,0.16633631482807823,0.11256713106290797
hybrid_dense_lexical_structural_dw1.25_lw0.5_sw0.5,minibatch_kmeans_ablation,dense=1.25;lexical=0.5;structural=0.5,5509,12,0.12488654928299146,0.0,0.06738017644775411,0.13134954856367773,0.13981449799505188,0.06738017644775411,0.13134954856367773,0.13981449799505188,0.06738017644775411,0.13134954856367773,0.13981449799505188,0.14554052429866327,0.13071577571412887,0.164158028475033,0.1105456920055574
hybrid_dense_lexical_structural_dw0.75_lw1.25_sw0.25,minibatch_kmeans_ablation,dense=0.75;lexical=1.25;structural=0.25,5509,12,0.1851515701579234,0.0,0.05377131795048571,0.1393501444040846,0.14805971513095093,0.05377131795048571,0.1393501444040846,0.14805971513095093,0.05377131795048571,0.1393501444040846,0.14805971513095093,0.14177736346856967,0.11312952972469861,0.18985421952758763,0.1093718257424143
tfidf_char_svd,minibatch_kmeans_ablation,n_clusters=12,5509,12,0.1927754583408967,0.0,0.052635791899923484,0.1356251791605695,0.1444190060700171,0.052635791899923484,0.1356251791605695,0.1444190060700171,0.052635791899923484,0.1356251791605695,0.1444190060700171,0.14203012838716222,0.112358799977589,0.19299580073769323,0.10742655059702766
hybrid_dense_lexical_structural_dw1.0_lw0.75_sw0.5,minibatch_kmeans_ablation,dense=1.0;lexical=0.75;structural=0.5,5509,12,0.13269195861317842,0.0,0.06356217817982071,0.12332661542565293,0.13190016406444613,0.06356217817982071,0.12332661542565293,0.13190016406444613,0.06356217817982071,0.12332661542565293,0.13190016406444613,0.14344316688847678,0.12775810051382602,0.1635186079695299,0.10539765093288368
hybrid_dense_lexical_structural_dw1.0_lw0.25_sw0.5,minibatch_kmeans_ablation,dense=1.0;lexical=0.25;structural=0.5,5509,12,0.12416046469413687,0.0,0.062056246183855863,0.12453236829157112,0.1331451292306028,0.062056246183855863,0.12453236829157112,0.1331451292306028,0.062056246183855863,0.12453236829157112,0.1331451292306028,0.14285447368849974,0.12522380684554488,0.16626321176015532,0.10538052455882163
hybrid_dense_lexical_structural_dw1.25_lw0.25_sw0.5,minibatch_kmeans_ablation,dense=1.25;lexical=0.25;structural=0.5,5509,12,0.12579415501905972,0.0,0.060622534781950004,0.11901110172109733,0.12761709714832506,0.060622534781950004,0.11901110172109733,0.12761709714832506,0.060622534781950004,0.11901110172109733,0.12761709714832506,0.13960264760555574,0.12457115722383615,0.1587595057122182,0.10181378458699689
hybrid_dense_lexical_structural_dw0.75_lw1.0_sw0.5,minibatch_kmeans_ablation,dense=0.75;lexical=1.0;structural=0.5,5509,12,0.13196587402432383,0.0,0.052977045866019944,0.1231999842110315,0.1318510044134031,0.052977045866019944,0.1231999842110315,0.1318510044134031,0.052977045866019944,0.1231999842110315,0.1318510044134031,0.13300192247277817,0.11606568321621266,0.15572526571577158,0.1000962461999187
hybrid_dense_lexical_structural_dw0.5_lw1.25_sw0.1,minibatch_kmeans_ablation,dense=0.5;lexical=1.25;structural=0.1,5509,12,0.31040116173534216,0.0,0.04611353281318594,0.12251687750918305,0.1315825111716918,0.04611353281318594,0.12251687750918305,0.1315825111716918,0.04611353281318594,0.12251687750918305,0.1315825111716918,0.14278279489472787,0.10525807507973897,0.22188539289660264,0.09978962211766092
hybrid_dense_lexical_structural_dw0.5_lw0.25_sw0.25,minibatch_kmeans_ablation,dense=0.5;lexical=0.25;structural=0.25,5509,12,0.11617353421673625,0.0,0.058216555537833434,0.11509663404367433,0.12371722557152447,0.058216555537833434,0.11509663404367433,0.12371722557152447,0.058216555537833434,0.11509663404367433,0.12371722557152447,0.13544094151700478,0.1220925265106009,0.15206641089846445,0.09850178816636697
hybrid_dense_lexical_structural_dw1.0_lw0.5_sw0.5,minibatch_kmeans_ablation,dense=1.0;lexical=0.5;structural=0.5,5509,12,0.11617353421673625,0.0,0.058216555537833434,0.11509663404367433,0.12371722557152447,0.058216555537833434,0.11509663404367433,0.12371722557152447,0.058216555537833434,0.11509663404367433,0.12371722557152447,0.13544094151700478,0.1220925265106009,0.15206641089846445,0.09850178816636697
hybrid_dense_lexical_dw0.5_lw1.0,minibatch_kmeans_ablation,dense=0.5;lexical=1.0,5509,12,0.27210019967326193,0.0,0.046670708358730155,0.11983864435882026,0.12883409953667344,0.046670708358730155,0.11983864435882026,0.12883409953667344,0.046670708358730155,0.11983864435882026,0.12883409953667344,0.1395174524902061,0.10597998040610956,0.20410746706197844,0.09808095676159269
hybrid_dense_lexical_structural_dw0.5_lw1.0_sw0.25,minibatch_kmeans_ablation,dense=0.5;lexical=1.0;structural=0.25,5509,12,0.16373207478671264,0.0,0.05030616317056013,0.10589773548167249,0.11489312023675897,0.05030616317056013,0.10589773548167249,0.11489312023675897,0.05030616317056013,0.10589773548167249,0.11489312023675897,0.13730693720648293,0.11142633947231119,0.1788471183510909,0.09245606354798887
hybrid_dense_lexical_structural_dw0.75_lw1.25_sw0.5,minibatch_kmeans_ablation,dense=0.75;lexical=1.25;structural=0.5,5509,12,0.12561263387184607,0.0,0.048684130668225176,0.10365842075709394,0.11247228356750374,0.048684130668225176,0.10365842075709394,0.11247228356750374,0.048684130668225176,0.10365842075709394,0.11247228356750374,0.12890760725669811,0.11300102875208748,0.1500260024836536,0.0892365156951019
hybrid_dense_lexical_structural_dw0.5_lw1.25_sw0.25,minibatch_kmeans_ablation,dense=0.5;lexical=1.25;structural=0.25,5509,12,0.2323470684334725,0.0,0.04274408819411383,0.10468800750442744,0.11385661145188886,0.04274408819411383,0.10468800750442744,0.11385661145188886,0.04274408819411383,0.10468800750442744,0.11385661145188886,0.13489052302470655,0.10363231950112703,0.1931494097158604,0.08920308542703316
hybrid_dense_lexical_structural_dw0.5_lw1.25_sw0.5,minibatch_kmeans_ablation,dense=0.5;lexical=1.25;structural=0.5,5509,12,0.15647122889816664,0.0,0.03809154311946841,0.10537957717969086,0.11431800613188346,0.03809154311946841,0.10537957717969086,0.11431800613188346,0.03809154311946841,0.10537957717969086,0.11431800613188346,0.12215225083222919,0.10248118348035667,0.1511688162670057,0.08551333007119541
hybrid_dense_lexical_structural_dw0.75_lw0.5_sw0.5,minibatch_kmeans_ablation,dense=0.75;lexical=0.5;structural=0.5,5509,12,0.1149028861862407,0.0,0.04597749725715127,0.09864414740702135,0.10742999569619145,0.04597749725715127,0.09864414740702135,0.10742999569619145,0.04597749725715127,0.09864414740702135,0.10742999569619145,0.12341315258072368,0.11103541125733266,0.13889675440885527,0.08506220809874225
hybrid_dense_lexical_structural_dw0.75_lw0.75_sw0.5,minibatch_kmeans_ablation,dense=0.75;lexical=0.75;structural=0.5,5509,12,0.12670176075512798,0.0,0.042703758762109405,0.08732328593283842,0.09626866003119422,0.042703758762109405,0.08732328593283842,0.09626866003119422,0.042703758762109405,0.08732328593283842,0.09626866003119422,0.12292613718620611,0.1087042798069414,0.1414294518380332,0.07892817726024029
hybrid_dense_lexical_structural_dw0.75_lw0.25_sw0.5,minibatch_kmeans_ablation,dense=0.75;lexical=0.25;structural=0.5,5509,12,0.1167180976583772,0.0,0.04590841121227157,0.08430147807979861,0.09319275190779669,0.04590841121227157,0.08430147807979861,0.09319275190779669,0.04590841121227157,0.08430147807979861,0.09319275190779669,0.12371140040474414,0.11261540377462795,0.13723296559714102,0.0786732870375392
hybrid_dense_lexical_structural_dw0.5_lw1.0_sw0.5,minibatch_kmeans_ablation,dense=0.5;lexical=1.0;structural=0.5,5509,12,0.14376474859321112,0.0,0.03500073071176118,0.08019425867361951,0.08921394015363557,0.03500073071176118,0.08019425867361951,0.08921394015363557,0.03500073071176118,0.08019425867361951,0.08921394015363557,0.11484831170222848,0.10111702932862067,0.1328948999968538,0.07181221832710685
hybrid_dense_lexical_structural_dw0.5_lw0.75_sw0.5,minibatch_kmeans_ablation,dense=0.5;lexical=0.75;structural=0.5,5509,12,0.1397712833545108,0.0,0.030350370511539555,0.05700376135961409,0.0661796560617461,0.030350370511539555,0.05700376135961409,0.0661796560617461,0.030350370511539555,0.05700376135961409,0.0661796560617461,0.10857187844823357,0.09789021068162138,0.12187021706984397,0.05876515313046792
tfidf_word_svd,minibatch_kmeans_ablation,n_clusters=12,5509,12,0.1646396805227809,0.0,0.021584745370482668,0.0542146711025197,0.06361568968592676,0.021584745370482668,0.0542146711025197,0.06361568968592676,0.021584745370482668,0.0542146711025197,0.06361568968592676,0.10449052492238696,0.08808221090982951,0.12841155361601087,0.054120385237607815
hybrid_dense_lexical_structural_dw0.5_lw0.5_sw0.5,minibatch_kmeans_ablation,dense=0.5;lexical=0.5;structural=0.5,5509,12,0.11036485750589944,0.0,0.022834119392275806,0.0496237153188304,0.058851257734387284,0.022834119392275806,0.0496237153188304,0.058851257734387284,0.022834119392275806,0.0496237153188304,0.058851257734387284,0.09998408282612137,0.09113882594870427,0.11073079008685385,0.05148460988026991
hybrid_dense_lexical_structural_dw0.5_lw0.25_sw0.5,minibatch_kmeans_ablation,dense=0.5;lexical=0.25;structural=0.5,5509,12,0.14812125612633872,0.0,0.014349624577435513,0.03953224226551274,0.0489483889635332,0.014349624577435513,0.03953224226551274,0.0489483889635332,0.014349624577435513,0.03953224226551274,0.0489483889635332,0.09503946503179256,0.08373798818654676,0.10986743360113116,0.04345632607357501
structural_features,minibatch_kmeans_ablation,n_clusters=12,5509,12,0.263750226901434,0.0,0.011218390544509087,0.03565111763179978,0.045351171048732576,0.011218390544509087,0.03565111763179978,0.045351171048732576,0.011218390544509087,0.03565111763179978,0.045351171048732576,0.10150747415509882,0.07996757322788596,0.138929141844011,0.0421350282829156
